Name,Surname,Nationality,Commons Personal category,Wikidata ID,URL
Nimir,Abdel-Aziz,NED,Category:Nimir Abdel-Aziz,Q4121429,http://ww2.legavolley.it/FotoAtleta.aspx?Field=FotoTessera&Key=ABD-NIM-92
Alessandro,Acquarone,ITA,Category:Alessandro Acquarone,Q47000931,http://ww2.legavolley.it/FotoAtleta.aspx?Field=FotoTessera&Key=ACQ-ALE-99
Filippo,Agostini,ITA,Category:Filippo Agostini,Q47000979,http://ww2.legavolley.it/FotoAtleta.aspx?Field=FotoTessera&Key=AGO-FIL-94
Daniele,Albergati,ITA,Category:Daniele Albergati,Q47000998,http://ww2.legavolley.it/FotoAtleta.aspx?Field=FotoTessera&Key=ALB-DAN-93
Alessio,Alberini,ITA,Category:Alessio Alberini,Q47000992,http://ww2.legavolley.it/FotoAtleta.aspx?Field=FotoTessera&Key=ALB-ALE-98
Caio,Alexandre De Oliveira,BRA,Category:Caio Alexandre De Oliveira,Q47001003,http://ww2.legavolley.it/FotoAtleta.aspx?Field=FotoTessera&Key=ALE-CAI-96
Aimone,Alletti,ITA,Category:Aimone Alletti,Q16268122,http://ww2.legavolley.it/FotoAtleta.aspx?Field=FotoTessera&Key=ALL-AIM-88
Flavio,Amouah,ITA,Category:Flavio Amouah,Q47001015,http://ww2.legavolley.it/FotoAtleta.aspx?Field=FotoTessera&Key=AMO-FLA-97
Andrea,Andreini,ITA,Category:Andrea Andreini,Q47001020,http://ww2.legavolley.it/FotoAtleta.aspx?Field=FotoTessera&Key=AND-AND-97
Leo,Andric,CRO,Category:Leo Andrić,Q27149325,http://ww2.legavolley.it/FotoAtleta.aspx?Field=FotoTessera&Key=AND-LEO-94
Antonio,Anselmo,ITA,Category:Antonio Anselmo,Q47001054,http://ww2.legavolley.it/FotoAtleta.aspx?Field=FotoTessera&Key=ANS-ANT-90
Oleg,Antonov,ITA,Category:Oleg Antonov (volleyball player),Q3881562,http://ww2.legavolley.it/FotoAtleta.aspx?Field=FotoTessera&Key=ANT-OLE-88
Simone,Anzani,ITA,Category:Simone Anzani,Q16167460,http://ww2.legavolley.it/FotoAtleta.aspx?Field=FotoTessera&Key=ANZ-SIM-92
Roberto,Arena,ITA,Category:Roberto Arena,Q47001081,http://ww2.legavolley.it/FotoAtleta.aspx?Field=FotoTessera&Key=ARE-ROB-82
Franco,Arezzo Di Trifiletti,ITA,Category:Franco Arezzo Di Trifiletti,Q47001073,http://ww2.legavolley.it/FotoAtleta.aspx?Field=FotoTessera&Key=ARE-FRA-93
Andrea,Argenta,ITA,Category:Andrea Argenta,Q47001087,http://ww2.legavolley.it/FotoAtleta.aspx?Field=FotoTessera&Key=ARG-AND-96
Alessandro,Arienti,ITA,Category:Alessandro Arienti,Q47001090,http://ww2.legavolley.it/FotoAtleta.aspx?Field=FotoTessera&Key=ARI-ALE-93
Francesco,Astarita,ITA,Category:Francesco Astarita,Q47001095,http://ww2.legavolley.it/FotoAtleta.aspx?Field=FotoTessera&Key=AST-FRA-93
Aleksandar,Atanasijevic,SRB,Category:Aleksandar Atanasijević,Q172184,http://ww2.legavolley.it/FotoAtleta.aspx?Field=FotoTessera&Key=ATA-ALE-91
Taylor,Averill,USA,Category:Taylor Averill,Q21651732,http://ww2.legavolley.it/FotoAtleta.aspx?Field=FotoTessera&Key=AVE-TAY-92
Leonardo,Baciocco,ITA,Category:Leonardo Baciocco,Q47001106,http://ww2.legavolley.it/FotoAtleta.aspx?Field=FotoTessera&Key=BAC-LEO-00
Fabio,Balaso,ITA,Category:Fabio Balaso,Q17490229,http://ww2.legavolley.it/FotoAtleta.aspx?Field=FotoTessera&Key=BAL-FAB-95
Simone,Baldari,ITA,Category:Simone Baldari,Q47001127,http://ww2.legavolley.it/FotoAtleta.aspx?Field=FotoTessera&Key=BAL-SIM-98
Alberto,Baldazzi,ITA,Category:Alberto Baldazzi,Q47001121,http://ww2.legavolley.it/FotoAtleta.aspx?Field=FotoTessera&Key=BAL-ALB-98
Michele,Baranowicz,ITA,Category:Michele Baranowicz,Q3856509,http://ww2.legavolley.it/FotoAtleta.aspx?Field=FotoTessera&Key=BAR-MIC-89
Mirko,Baratti,ITA,Category:Mirko Baratti,Q47001141,http://ww2.legavolley.it/FotoAtleta.aspx?Field=FotoTessera&Key=BAR-MIR-97
Federico,Bargi,ITA,Category:Federico Bargi,Q47001134,http://ww2.legavolley.it/FotoAtleta.aspx?Field=FotoTessera&Key=BAR-FED-93
Andrea,Bari,ITA,Category:Andrea Bari,Q493394,http://ww2.legavolley.it/FotoAtleta.aspx?Field=FotoTessera&Key=BAR-AND-80
Rocco,Barone,ITA,Category:Rocco Barone,Q3939553,http://ww2.legavolley.it/FotoAtleta.aspx?Field=FotoTessera&Key=BAR-ROC-87
Nicolò,Bassanello,ITA,Category:Nicolò Bassanello,Q47001742,http://ww2.legavolley.it/FotoAtleta.aspx?Field=FotoTessera&Key=BAS-NIC-96
Leonardo,Battista,ITA,Category:Leonardo Battista,Q47001147,http://ww2.legavolley.it/FotoAtleta.aspx?Field=FotoTessera&Key=BAT-LEO-95
Giacomo,Bellei,ITA,Category:Giacomo Bellei,Q16268172,http://ww2.legavolley.it/FotoAtleta.aspx?Field=FotoTessera&Key=BEL-GIA-88
Alberto,Bellini,ITA,Category:Alberto Bellini,Q47001156,http://ww2.legavolley.it/FotoAtleta.aspx?Field=FotoTessera&Key=BEL-ALB-87
Matteo,Beltrami,ITA,Category:Matteo Beltrami,Q47001167,http://ww2.legavolley.it/FotoAtleta.aspx?Field=FotoTessera&Key=BEL-MAT-97
Davide,Benaglia,ITA,Category:Davide Benaglia,Q47001177,http://ww2.legavolley.it/FotoAtleta.aspx?Field=FotoTessera&Key=BEN-DAV-89
Milan,Bencz,SVK,Category:Milan Bencz,Q3313979,http://ww2.legavolley.it/FotoAtleta.aspx?Field=FotoTessera&Key=BEN-MIL-87
Thomas,Beretta,ITA,Category:Thomas Beretta,Q15838840,http://ww2.legavolley.it/FotoAtleta.aspx?Field=FotoTessera&Key=BER-THO-90
Alexander,Berger,AUT,Category:Alexander Berger,Q15782218,http://ww2.legavolley.it/FotoAtleta.aspx?Field=FotoTessera&Key=BER-ALE-88
Michele,Bergoli,ITA,Category:Michele Bergoli,Q47001213,http://ww2.legavolley.it/FotoAtleta.aspx?Field=FotoTessera&Key=BER-MIC-99
Giuseppe,Bernardi,ITA,Category:Giuseppe Bernardi (volleyball player),Q47001200,http://ww2.legavolley.it/FotoAtleta.aspx?Field=FotoTessera&Key=BER-GIU-95
Diego,Bernieri Di Lucca,ITA,Category:Diego Bernieri Di Lucca,Q47001188,http://ww2.legavolley.it/FotoAtleta.aspx?Field=FotoTessera&Key=BER-DIE-86
Matteo,Bertoli,ITA,Category:Matteo Bertoli,Q47001207,http://ww2.legavolley.it/FotoAtleta.aspx?Field=FotoTessera&Key=BER-MAT-88
Federico,Bianchini,ITA,Category:Federico Bianchini,Q47001219,http://ww2.legavolley.it/FotoAtleta.aspx?Field=FotoTessera&Key=BIA-FED-01
Manuel,Biasotto,ITA,Category:Manuel Biasotto,Q47001222,http://ww2.legavolley.it/FotoAtleta.aspx?Field=FotoTessera&Key=BIA-MAN-01
Luca,Bigarelli,ITA,Category:Luca Bigarelli,Q47001224,http://ww2.legavolley.it/FotoAtleta.aspx?Field=FotoTessera&Key=BIG-LUC-91
Omar,Biglino,ITA,Category:Omar Biglino,Q47001230,http://ww2.legavolley.it/FotoAtleta.aspx?Field=FotoTessera&Key=BIG-OMA-95
Emanuele,Birarelli,ITA,Category:Emanuele Birarelli,Q1334852,http://ww2.legavolley.it/FotoAtleta.aspx?Field=FotoTessera&Key=BIR-EMA-81
Gianluca,Bisci,ITA,Category:Gianluca Bisci,Q47001235,http://ww2.legavolley.it/FotoAtleta.aspx?Field=FotoTessera&Key=BIS-GIA-83
Fabio,Bisi,ITA,Category:Fabio Bisi,Q47001232,http://ww2.legavolley.it/FotoAtleta.aspx?Field=FotoTessera&Key=BIS-FAB-94
Nicolò,Bleggi,ITA,Category:Nicolò Bleggi,Q47001743,http://ww2.legavolley.it/FotoAtleta.aspx?Field=FotoTessera&Key=BLE-NIC-92
Filippo,Boesso,ITA,Category:Filippo Boesso,Q47001237,http://ww2.legavolley.it/FotoAtleta.aspx?Field=FotoTessera&Key=BOE-FIL-93
Matteo,Boffi,ITA,Category:Matteo Boffi,Q47001240,http://ww2.legavolley.it/FotoAtleta.aspx?Field=FotoTessera&Key=BOF-MAT-96
Matteo,Bolla,ITA,Category:Matteo Bolla,Q47001241,http://ww2.legavolley.it/FotoAtleta.aspx?Field=FotoTessera&Key=BOL-MAT-90
Dusan,Bonacic,CHI,Category:Dusan Bonacic,Q47001245,http://ww2.legavolley.it/FotoAtleta.aspx?Field=FotoTessera&Key=BON-DUS-95
Federico,Bonami,ITA,Category:Federico Bonami,Q47001247,http://ww2.legavolley.it/FotoAtleta.aspx?Field=FotoTessera&Key=BON-FED-93
Simone,Bonante,ITA,Category:Simone Bonante,Q47001249,http://ww2.legavolley.it/FotoAtleta.aspx?Field=FotoTessera&Key=BON-SIM-92
Luca Maria,Bonisoli,ITA,Category:Luca Maria Bonisoli,Q47001248,http://ww2.legavolley.it/FotoAtleta.aspx?Field=FotoTessera&Key=BON-LUC-98
Luca,Borgogno,ITA,Category:Luca Borgogno,Q20246142,http://ww2.legavolley.it/FotoAtleta.aspx?Field=FotoTessera&Key=BOR-LUC-93
Riccardo,Bortolini,ITA,Category:Riccardo Bortolini,Q47001251,http://ww2.legavolley.it/FotoAtleta.aspx?Field=FotoTessera&Key=BOR-RIC-94
Matteo,Bortolozzo,ITA,Category:Matteo Bortolozzo,Q47001250,http://ww2.legavolley.it/FotoAtleta.aspx?Field=FotoTessera&Key=BOR-MAT-89
Giuseppe,Boscaini,ITA,Category:Giuseppe Boscaini,Q47001254,http://ww2.legavolley.it/FotoAtleta.aspx?Field=FotoTessera&Key=BOS-GIU-86
Emanuele,Bosio,ITA,Category:Emanuele Bosio,Q47001253,http://ww2.legavolley.it/FotoAtleta.aspx?Field=FotoTessera&Key=BOS-EMA-97
Elia,Bossi,ITA,Category:Elia Bossi,Q16268208,http://ww2.legavolley.it/FotoAtleta.aspx?Field=FotoTessera&Key=BOS-ELI-94
Hidde,Boswinkel,NED,Category:Hidde Boswinkel,Q22277133,http://ww2.legavolley.it/FotoAtleta.aspx?Field=FotoTessera&Key=BOS-HID-95
Iacopo,Botto,ITA,Category:Iacopo Botto,Q16564552,http://ww2.legavolley.it/FotoAtleta.aspx?Field=FotoTessera&Key=BOT-IAC-87
Roberto,Braga,ITA,Category:Roberto Braga,Q9311210,http://ww2.legavolley.it/FotoAtleta.aspx?Field=FotoTessera&Key=BRA-ROB-84
Jacopo,Brandi,ITA,Category:Jacopo Brandi,Q47001261,http://ww2.legavolley.it/FotoAtleta.aspx?Field=FotoTessera&Key=BRA-JAC-89
Nicolò,Brandi,ITA,Category:Nicolò Brandi,Q47001744,http://ww2.legavolley.it/FotoAtleta.aspx?Field=FotoTessera&Key=BRA-NIC-94
Tiziano,Bressan,ITA,Category:Tiziano Bressan,Q47001265,http://ww2.legavolley.it/FotoAtleta.aspx?Field=FotoTessera&Key=BRE-TIZ-94
Andrea,Briata,ITA,Category:Andrea Briata,Q47001268,http://ww2.legavolley.it/FotoAtleta.aspx?Field=FotoTessera&Key=BRI-AND-97
Mattia,Briglia,ITA,Category:Mattia Briglia,Q47001270,http://ww2.legavolley.it/FotoAtleta.aspx?Field=FotoTessera&Key=BRI-MAT-98
Davide,Brunetti,ITA,Category:Davide Brunetti,Q47001273,http://ww2.legavolley.it/FotoAtleta.aspx?Field=FotoTessera&Key=BRU-DAV-95
Vito,Bruno,ITA,Category:Vito Bruno,Q47001281,http://ww2.legavolley.it/FotoAtleta.aspx?Field=FotoTessera&Key=BRU-VIT-95
Luca,Bucciarelli,ITA,Category:Luca Bucciarelli,Q47001284,http://ww2.legavolley.it/FotoAtleta.aspx?Field=FotoTessera&Key=BUC-LUC-95
Paul,Buchegger,AUT,Category:Paul Buchegger,Q43465241,http://ww2.legavolley.it/FotoAtleta.aspx?Field=FotoTessera&Key=BUC-PAU-96
Simone,Buti,ITA,Category:Simone Buti,Q3961195,http://ww2.legavolley.it/FotoAtleta.aspx?Field=FotoTessera&Key=BUT-SIM-83
Luca,Butti,ITA,Category:Luca Butti,Q47001301,http://ww2.legavolley.it/FotoAtleta.aspx?Field=FotoTessera&Key=BUT-LUC-91
Pierlorenzo,Buzzelli,ITA,Category:Pierlorenzo Buzzelli,Q3903069,http://ww2.legavolley.it/FotoAtleta.aspx?Field=FotoTessera&Key=BUZ-PIE-90
Louis,Caccioppola,ITA,Category:Louis Caccioppola,Q47001314,http://ww2.legavolley.it/FotoAtleta.aspx?Field=FotoTessera&Key=CAC-LOU-98
Simone,Calarco,ITA,Category:Simone Calarco,Q47001327,http://ww2.legavolley.it/FotoAtleta.aspx?Field=FotoTessera&Key=CAL-SIM-95
Bernardo,Calistri,ITA,Category:Bernardo Calistri,Q47001318,http://ww2.legavolley.it/FotoAtleta.aspx?Field=FotoTessera&Key=CAL-BER-93
Lorenzo,Calonico,ITA,Category:Lorenzo Calonico,Q47001323,http://ww2.legavolley.it/FotoAtleta.aspx?Field=FotoTessera&Key=CAL-LOR-81
Giovanni,Candeago,ITA,Category:Giovanni Candeago,Q47001344,http://ww2.legavolley.it/FotoAtleta.aspx?Field=FotoTessera&Key=CAN-GIO-94
Davide,Candellaro,ITA,Category:Davide Candellaro,Q3703511,http://ww2.legavolley.it/FotoAtleta.aspx?Field=FotoTessera&Key=CAN-DAV-89
Edoardo,Caneschi,ITA,Category:Edoardo Caneschi,Q47001339,http://ww2.legavolley.it/FotoAtleta.aspx?Field=FotoTessera&Key=CAN-EDO-97
Diego,Cantagalli,ITA,Category:Diego Cantagalli,Q47001336,http://ww2.legavolley.it/FotoAtleta.aspx?Field=FotoTessera&Key=CAN-DIE-99
Bruno,Canuto,BRA,Category:Bruno Canuto,Q47001331,http://ww2.legavolley.it/FotoAtleta.aspx?Field=FotoTessera&Key=CAN-BRU-90
Eder,Carbonera,BRA,Category:Éder Carbonera,Q1702899,http://ww2.legavolley.it/FotoAtleta.aspx?Field=FotoTessera&Key=CAR-EDE-83
Antonio,Cargioli,ITA,Category:Antonio Cargioli,Q47001346,http://ww2.legavolley.it/FotoAtleta.aspx?Field=FotoTessera&Key=CAR-ANT-94
Ludovico,Carminati,ITA,Category:Ludovico Carminati (volleyball player),Q16574090,http://ww2.legavolley.it/FotoAtleta.aspx?Field=FotoTessera&Key=CAR-LUD-92
Alberto,Casadei,ITA,Category:Alberto Casadei (volleyball player),Q16268245,http://ww2.legavolley.it/FotoAtleta.aspx?Field=FotoTessera&Key=CAS-ALB-84
Cesare,Casulli,ITA,Category:Cesare Casulli,Q46163999,http://ww2.legavolley.it/FotoAtleta.aspx?Field=FotoTessera&Key=CAS-CES-83
Stefano,Catena,ITA,Category:Stefano Catena,Q46164096,http://ww2.legavolley.it/FotoAtleta.aspx?Field=FotoTessera&Key=CAT-STE-92
Claudio,Cattaneo,ITA,Category:Claudio Cattaneo,Q46165290,http://ww2.legavolley.it/FotoAtleta.aspx?Field=FotoTessera&Key=CAT-CLA-97
Domenico,Cavaccini,ITA,Category:Domenico Cavaccini,Q46907805,http://ww2.legavolley.it/FotoAtleta.aspx?Field=FotoTessera&Key=CAV-DOM-87
Oreste,Cavuto,ITA,Category:Oreste Cavuto,Q46909479,http://ww2.legavolley.it/FotoAtleta.aspx?Field=FotoTessera&Key=CAV-ORE-96
Roberto,Cazzaniga,ITA,Category:Roberto Cazzaniga,Q17279963,http://ww2.legavolley.it/FotoAtleta.aspx?Field=FotoTessera&Key=CAZ-ROB-79
Klemen,Cebulj,SLO,Category:Klemen Čebulj,Q3815836,http://ww2.legavolley.it/FotoAtleta.aspx?Field=FotoTessera&Key=CEB-KLE-92
Nicola,Cecato,ITA,Category:Nicola Cecato,Q46909906,http://ww2.legavolley.it/FotoAtleta.aspx?Field=FotoTessera&Key=CEC-NIC-88
Matej,Cernic,ITA,Category:Matej Černič,Q2738908,http://ww2.legavolley.it/FotoAtleta.aspx?Field=FotoTessera&Key=CER-MAT-78
Andrea,Cesarini,ITA,Category:Andrea Cesarini,Q3615597,http://ww2.legavolley.it/FotoAtleta.aspx?Field=FotoTessera&Key=CES-AND-87
Davide,Cester,ITA,Category:Davide Cester,Q46951220,http://ww2.legavolley.it/FotoAtleta.aspx?Field=FotoTessera&Key=CES-DAV-97
Enrico,Cester,ITA,Category:Enrico Cester,Q3725684,http://ww2.legavolley.it/FotoAtleta.aspx?Field=FotoTessera&Key=CES-ENR-88
Leano,Cetrullo,ITA,Category:Leano Cetrullo,Q46993121,http://ww2.legavolley.it/FotoAtleta.aspx?Field=FotoTessera&Key=CET-LEA-86
Alexander,Chadtchyn,ITA,Category:Alexander Chadtchyn,Q46993145,http://ww2.legavolley.it/FotoAtleta.aspx?Field=FotoTessera&Key=CHA-ALE-98
Matteo,Chiappa,ITA,Category:Matteo Chiappa,Q28654879,http://ww2.legavolley.it/FotoAtleta.aspx?Field=FotoTessera&Key=CHI-MAT-93
Micah,Christenson,USA,Category:Micah Christenson,Q16578192,http://ww2.legavolley.it/FotoAtleta.aspx?Field=FotoTessera&Key=CHR-MIC-93
Massimiliano,Cioffi,ITA,Category:Massimiliano Cioffi,Q46993270,http://ww2.legavolley.it/FotoAtleta.aspx?Field=FotoTessera&Key=CIO-MAS-92
Lazar,Cirovic,SRB,Category:Lazar Cirovic,Q29646321,http://ww2.legavolley.it/FotoAtleta.aspx?Field=FotoTessera&Key=CIR-LAZ-92
Alberto,Cisolla,ITA,Category:Alberto Cisolla,Q728338,http://ww2.legavolley.it/FotoAtleta.aspx?Field=FotoTessera&Key=CIS-ALB-77
Filippo,Ciulli,ITA,Category:Filippo Ciulli,Q46993274,http://ww2.legavolley.it/FotoAtleta.aspx?Field=FotoTessera&Key=CIU-FIL-94
Trevor,Clevenot,FRA,Category:Trévor Clévenot,Q16681339,http://ww2.legavolley.it/FotoAtleta.aspx?Field=FotoTessera&Key=CLE-TRE-94
Lorenzo,Codarin,ITA,Category:Lorenzo Codarin,Q46993281,http://ww2.legavolley.it/FotoAtleta.aspx?Field=FotoTessera&Key=COD-LOR-96
Massimo,Colaci,ITA,Category:Massimo Colaci,Q3851197,http://ww2.legavolley.it/FotoAtleta.aspx?Field=FotoTessera&Key=COL-MAS-85
Leonardo,Colli,ITA,Category:Leonardo Colli,Q46993289,http://ww2.legavolley.it/FotoAtleta.aspx?Field=FotoTessera&Key=COL-LEO-96
Roberto,Cominetti,ITA,Category:Roberto Cominetti,Q46993291,http://ww2.legavolley.it/FotoAtleta.aspx?Field=FotoTessera&Key=COM-ROB-97
Riccardo,Copelli,ITA,Category:Riccardo Copelli,Q46993292,http://ww2.legavolley.it/FotoAtleta.aspx?Field=FotoTessera&Key=COP-RIC-96
Andrea,Cordano,ITA,Category:Andrea Cordano,Q46993295,http://ww2.legavolley.it/FotoAtleta.aspx?Field=FotoTessera&Key=COR-AND-99
Francesco,Corrado,ITA,Category:Francesco Corrado,Q46993298,http://ww2.legavolley.it/FotoAtleta.aspx?Field=FotoTessera&Key=COR-FRA-97
Emiliano,Cortellazzi,ITA,Category:Emiliano Cortellazzi,Q21030406,http://ww2.legavolley.it/FotoAtleta.aspx?Field=FotoTessera&Key=COR-EMI-85
Lorenzo,Cortesia,ITA,Category:Lorenzo Cortesia,Q46993301,http://ww2.legavolley.it/FotoAtleta.aspx?Field=FotoTessera&Key=COR-LOR-99
Antonio,Corvetta,ITA,Category:Antonio Corvetta,Q16268303,http://ww2.legavolley.it/FotoAtleta.aspx?Field=FotoTessera&Key=COR-ANT-77
Manuel,Coscione,ITA,Category:Manuel Coscione,Q3844994,http://ww2.legavolley.it/FotoAtleta.aspx?Field=FotoTessera&Key=COS-MAN-80
Deivid Junior,Costa,BRA,Category:Deivid Junior Costa,Q18707915,http://ww2.legavolley.it/FotoAtleta.aspx?Field=FotoTessera&Key=COS-DEI-88
Riccardo,Costanzi,ITA,Category:Riccardo Costanzi,Q46993303,http://ww2.legavolley.it/FotoAtleta.aspx?Field=FotoTessera&Key=COS-RIC-93
Francesco,Cottarelli,ITA,Category:Francesco Cottarelli,Q28540489,http://ww2.legavolley.it/FotoAtleta.aspx?Field=FotoTessera&Key=COT-FRA-96
Keriann,Crescini,ITA,Category:Keriann Crescini,Q46993308,http://ww2.legavolley.it/FotoAtleta.aspx?Field=FotoTessera&Key=CRE-KER-97
Mirco,Cristofaletti,ITA,Category:Mirco Cristofaletti,Q46993310,http://ww2.legavolley.it/FotoAtleta.aspx?Field=FotoTessera&Key=CRI-MIR-96
Daniele,Cro',ITA,Category:Daniele Cro',Q46993327,http://ww2.legavolley.it/FotoAtleta.aspx?Field=FotoTessera&Key=CRO-DAN-94
Nandy,Cruz,ITA,Category:Nandy Cruz,Q46993338,http://ww2.legavolley.it/FotoAtleta.aspx?Field=FotoTessera&Key=CRU-NAN-96
Marco,Cubito,ITA,Category:Marco Cubito,Q46993339,http://ww2.legavolley.it/FotoAtleta.aspx?Field=FotoTessera&Key=CUB-MAR-92
Milos,Culafic,MNE,Category:Milos Culafic,Q3314490,http://ww2.legavolley.it/FotoAtleta.aspx?Field=FotoTessera&Key=CUL-MIL-86
Francesco,D'Amico,ITA,Category:Francesco D'Amico,Q46993801,http://ww2.legavolley.it/FotoAtleta.aspx?Field=FotoTessera&Key=DAM-FRA-99
Gianluca,Dal Corso,ITA,Category:Gianluca Dal Corso,Q46993807,http://ww2.legavolley.it/FotoAtleta.aspx?Field=FotoTessera&Key=DAL-GIA-01
Nicola,Daldello,ITA,Category:Nicola Daldello,Q17280007,http://ww2.legavolley.it/FotoAtleta.aspx?Field=FotoTessera&Key=DAL-NIC-83
Simone,Danielli,ITA,Category:Simone Danielli,Q46993824,http://ww2.legavolley.it/FotoAtleta.aspx?Field=FotoTessera&Key=DAN-SIM-98
Carlo,De Angelis,ITA,Category:Carlo De Angelis,Q46993842,http://ww2.legavolley.it/FotoAtleta.aspx?Field=FotoTessera&Key=DEA-CAR-96
Luciano,De Cecco,ARG,Category:Luciano De Cecco,Q1873310,http://ww2.legavolley.it/FotoAtleta.aspx?Field=FotoTessera&Key=DEC-LUC-88
Giacomo,De Fabritiis,ITA,Category:Giacomo De Fabritiis,Q46993851,http://ww2.legavolley.it/FotoAtleta.aspx?Field=FotoTessera&Key=DEF-PAO-95
Francesco,De Marchi,ITA,Category:Francesco De Marchi,Q16557177,http://ww2.legavolley.it/FotoAtleta.aspx?Field=FotoTessera&Key=DEM-FRA-86
Daniele,De Pandis,ITA,Category:Daniele De Pandis,Q3701937,http://ww2.legavolley.it/FotoAtleta.aspx?Field=FotoTessera&Key=DEP-DAN-84
Antonio,De Paola,ITA,Category:Antonio De Paola,Q3619510,http://ww2.legavolley.it/FotoAtleta.aspx?Field=FotoTessera&Key=DEP-ANT-88
Danilo,De Santis,ITA,Category:Danilo De Santis,Q46993876,http://ww2.legavolley.it/FotoAtleta.aspx?Field=FotoTessera&Key=DES-DAN-93
Saverio,De Santis,ITA,Category:Saverio De Santis,Q46993872,http://ww2.legavolley.it/FotoAtleta.aspx?Field=FotoTessera&Key=DES-SAV-99
Giorgio,De Togni,ITA,Category:Giorgio De Togni,Q3765415,http://ww2.legavolley.it/FotoAtleta.aspx?Field=FotoTessera&Key=DET-GIO-85
Francesco,Del Vecchio,ITA,Category:Francesco Del Vecchio,Q16557186,http://ww2.legavolley.it/FotoAtleta.aspx?Field=FotoTessera&Key=DEL-FRA-87
Dore,Della Lunga,ITA,Category:Dore Della Lunga,Q3714219,http://ww2.legavolley.it/FotoAtleta.aspx?Field=FotoTessera&Key=DEL-DOR-84
Mattia,Della Rosa,ITA,Category:Mattia Della Rosa,Q46993887,http://ww2.legavolley.it/FotoAtleta.aspx?Field=FotoTessera&Key=DEL-MAT-89
Andrea,Di Carlo,ITA,Category:Andrea Di Carlo,Q46993901,http://ww2.legavolley.it/FotoAtleta.aspx?Field=FotoTessera&Key=DIC-AND-99
Pietro,Di Meo,ITA,Category:Pietro Di Meo,Q46993906,http://ww2.legavolley.it/FotoAtleta.aspx?Field=FotoTessera&Key=DIM-PIE-82
Leonardo,Di Renzo,ITA,Category:Leonardo Di Renzo,Q46993915,http://ww2.legavolley.it/FotoAtleta.aspx?Field=FotoTessera&Key=DIR-LEO-93
Paolo Luigi,Di Silvestre,ITA,Category:Paolo Luigi Di Silvestre,Q46993921,http://ww2.legavolley.it/FotoAtleta.aspx?Field=FotoTessera&Key=DIS-PAO-98
Simone,Di Tommaso,ITA,Category:Simone Di Tommaso,Q46993930,http://ww2.legavolley.it/FotoAtleta.aspx?Field=FotoTessera&Key=DIT-SIM-82
Enrico,Diamantini,ITA,Category:Enrico Diamantini,Q16552094,http://ww2.legavolley.it/FotoAtleta.aspx?Field=FotoTessera&Key=DIA-ENR-93
Mitar,Djuric,GRE,Category:Mitar Đurić,Q3317052,http://ww2.legavolley.it/FotoAtleta.aspx?Field=FotoTessera&Key=DJU-MIT-89
Ludovico,Dolfo,ITA,Category:Ludovico Dolfo,Q3839102,http://ww2.legavolley.it/FotoAtleta.aspx?Field=FotoTessera&Key=DOL-LUD-89
Damian,Domagala,POL,Category:Damian Domagala,Q19902212,http://ww2.legavolley.it/FotoAtleta.aspx?Field=FotoTessera&Key=DOM-DAM-98
Alex,Duncan-Thibault,CAN,Category:Alex Duncan-Thibault,Q47001475,http://ww2.legavolley.it/FotoAtleta.aspx?Field=FotoTessera&Key=DUN-ALE-94
Donovan,Dzavoronok,CZE,Category:Donovan Dzavoronok,Q22277651,http://ww2.legavolley.it/FotoAtleta.aspx?Field=FotoTessera&Key=DZA-DON-97
Alberto,Elia,ITA,Category:Alberto Elia,Q3608272,http://ww2.legavolley.it/FotoAtleta.aspx?Field=FotoTessera&Key=ELI-ALB-85
Alex,Erati,ITA,Category:Alex Erati,Q46994620,http://ww2.legavolley.it/FotoAtleta.aspx?Field=FotoTessera&Key=ERA-ALE-94
Davide,Esposito,ITA,Category:Davide Esposito,Q46994633,http://ww2.legavolley.it/FotoAtleta.aspx?Field=FotoTessera&Key=ESP-DAV-95
Tommaso,Fabi,ITA,Category:Tommaso Fabi,Q46994645,http://ww2.legavolley.it/FotoAtleta.aspx?Field=FotoTessera&Key=TOM-FAB-96
Marco,Fabroni,ITA,Category:Marco Fabroni,Q16268358,http://ww2.legavolley.it/FotoAtleta.aspx?Field=FotoTessera&Key=FAB-MAR-81
Jacopo,Fantini,ITA,Category:Jacopo Fantini,Q46994654,http://ww2.legavolley.it/FotoAtleta.aspx?Field=FotoTessera&Key=FAN-JAC-98
Fabio,Fanuli,ITA,Category:Fabio Fanuli,Q3737694,http://ww2.legavolley.it/FotoAtleta.aspx?Field=FotoTessera&Key=FAN-FAB-85
Filippo,Federici,ITA,Category:Filippo Federici,Q46994657,http://ww2.legavolley.it/FotoAtleta.aspx?Field=FotoTessera&Key=FED-FIL-00
Michele,Fedrizzi,ITA,Category:Michele Fedrizzi,Q3856602,http://ww2.legavolley.it/FotoAtleta.aspx?Field=FotoTessera&Key=FED-MIC-91
Alessandro,Fei,ITA,Category:Alessandro Fei (volleyball player),Q2632542,http://ww2.legavolley.it/FotoAtleta.aspx?Field=FotoTessera&Key=FEI-ALE-78
Jacopo,Ferrari,ITA,Category:Jacopo Ferrari (volleyball player),Q46994658,http://ww2.legavolley.it/FotoAtleta.aspx?Field=FotoTessera&Key=FER-JAC-95
Mario,Ferraro,ITA,Category:Mario Ferraro,Q46994682,http://ww2.legavolley.it/FotoAtleta.aspx?Field=FotoTessera&Key=FER-MAR-87
Athos,Ferreira Costa,BRA,Category:Athos Ferreira Costa,Q47001478,http://ww2.legavolley.it/FotoAtleta.aspx?Field=FotoTessera&Key=FER-ATH-88
Stefano,Ferri,ITA,Category:Stefano Ferri,Q46994686,http://ww2.legavolley.it/FotoAtleta.aspx?Field=FotoTessera&Key=FER-STE-00
Roberto,Festi,ITA,Category:Roberto Festi,Q46994689,http://ww2.legavolley.it/FotoAtleta.aspx?Field=FotoTessera&Key=FES-ROB-94
Kupono,Fey,USA,Category:Kupono Fey,Q42671053,http://ww2.legavolley.it/FotoAtleta.aspx?Field=FotoTessera&Key=FEY-KUP-95
Michal,Finger,CZE,Category:Michal Finger,Q17442420,http://ww2.legavolley.it/FotoAtleta.aspx?Field=FotoTessera&Key=FIN-MIC-93
Juan Ignacio,Finoli,ARG,Category:Juan Ignacio Finoli,Q22277794,http://ww2.legavolley.it/FotoAtleta.aspx?Field=FotoTessera&Key=FIN-JUA-91
Alessio,Fiore,ITA,Category:Alessio Fiore,Q3610502,http://ww2.legavolley.it/FotoAtleta.aspx?Field=FotoTessera&Key=FIO-ALE-82
Federico,Fiori,ITA,Category:Federico Fiori,Q46994697,http://ww2.legavolley.it/FotoAtleta.aspx?Field=FotoTessera&Key=FIO-FED-80
Nicola,Fortunato,ITA,Category:Nicola Fortunato,Q46994698,http://ww2.legavolley.it/FotoAtleta.aspx?Field=FotoTessera&Key=FOR-NIC-95
Alessandro,Franceschini,ITA,Category:Alessandro Franceschini,Q16525107,http://ww2.legavolley.it/FotoAtleta.aspx?Field=FotoTessera&Key=FRA-ALE-83
Jennings,Franciskovic,USA,Category:Jennings Franciskovic,Q42671387,http://ww2.legavolley.it/FotoAtleta.aspx?Field=FotoTessera&Key=FRA-JEN-95
Andrea,Franzoni,ITA,Category:Andrea Franzoni (volleyball player),Q46994712,http://ww2.legavolley.it/FotoAtleta.aspx?Field=FotoTessera&Key=FR2-AND-89
Alessandro,Frattini,ITA,Category:Alessandro Frattini,Q46994714,http://ww2.legavolley.it/FotoAtleta.aspx?Field=FotoTessera&Key=FRA-ALE-97
Thomas,Frigo,ITA,Category:Thomas Frigo,Q23834733,http://ww2.legavolley.it/FotoAtleta.aspx?Field=FotoTessera&Key=FRI-THO-97
Pasquale,Fusco,ITA,Category:Pasquale Fusco,Q46994730,http://ww2.legavolley.it/FotoAtleta.aspx?Field=FotoTessera&Key=FUS-PAS-97
Yordan,Galabinov,ITA,Category:Yordan Galabinov,Q46994731,http://ww2.legavolley.it/FotoAtleta.aspx?Field=FotoTessera&Key=GAL-YOR-90
Gianluca,Galassi,ITA,Category:Gianluca Galassi,Q46994733,http://ww2.legavolley.it/FotoAtleta.aspx?Field=FotoTessera&Key=GAL-GIA-97
Andrea,Galliani,ITA,Category:Andrea Galliani,Q9150947,http://ww2.legavolley.it/FotoAtleta.aspx?Field=FotoTessera&Key=GAL-AND-88
Davide,Gardini,ITA,Category:Davide Gardini,Q29646135,http://ww2.legavolley.it/FotoAtleta.aspx?Field=FotoTessera&Key=GAR-DAV-99
Giovanni Maria,Gargiulo,ITA,Category:Giovanni Maria Gargiulo,Q46994736,http://ww2.legavolley.it/FotoAtleta.aspx?Field=FotoTessera&Key=GAR-GIO-99
Fernando Gabriel,Garnica,ITA,Category:Fernando Gabriel Garnica,Q46994739,http://ww2.legavolley.it/FotoAtleta.aspx?Field=FotoTessera&Key=GAR-FER-80
Fabrizio,Garofolo,ITA,Category:Fabrizio Garofolo,Q46994748,http://ww2.legavolley.it/FotoAtleta.aspx?Field=FotoTessera&Key=GAR-FAB-98
Massimo,Gaspari,ITA,Category:Massimo Gaspari,Q46994749,http://ww2.legavolley.it/FotoAtleta.aspx?Field=FotoTessera&Key=GAS-MAS-80
Krasimir,Georgiev,BUL,Category:Krasimir Georgiev,Q22277914,http://ww2.legavolley.it/FotoAtleta.aspx?Field=FotoTessera&Key=GEO-KRA-95
Mario,Giacobelli,ITA,Category:Mario Giacobelli,Q46994751,http://ww2.legavolley.it/FotoAtleta.aspx?Field=FotoTessera&Key=GIA-MAR-90
Simone,Giannelli,ITA,Category:Simone Giannelli,Q16657967,http://ww2.legavolley.it/FotoAtleta.aspx?Field=FotoTessera&Key=GIA-SIM-96
Stefano,Giannotti,ITA,Category:Stefano Giannotti,Q17453250,http://ww2.legavolley.it/FotoAtleta.aspx?Field=FotoTessera&Key=GIA-STE-89
Alessandro,Giosa,ITA,Category:Alessandro Giosa,Q46994759,http://ww2.legavolley.it/FotoAtleta.aspx?Field=FotoTessera&Key=GIO-ALE-77
Andrea,Giovi,ITA,Category:Andrea Giovi,Q493971,http://ww2.legavolley.it/FotoAtleta.aspx?Field=FotoTessera&Key=GIO-AND-83
Carmelo,Gitto,ITA,Category:Carmelo Gitto,Q3660240,http://ww2.legavolley.it/FotoAtleta.aspx?Field=FotoTessera&Key=GIT-CAR-87
Ludovico,Giuliani,ITA,Category:Ludovico Giuliani,Q46994765,http://ww2.legavolley.it/FotoAtleta.aspx?Field=FotoTessera&Key=GIU-LUD-98
Riccardo,Goi,ITA,Category:Riccardo Goi,Q16867145,http://ww2.legavolley.it/FotoAtleta.aspx?Field=FotoTessera&Key=GOI-RIC-82
Ricardo,Gomes Do Rego Junior,BRA,Category:Ricardo Gomes Do Rego Junior,Q47001532,http://ww2.legavolley.it/FotoAtleta.aspx?Field=FotoTessera&Key=GOM-RIC-91
Stefano,Gozzo,ITA,Category:Stefano Gozzo,Q21030425,http://ww2.legavolley.it/FotoAtleta.aspx?Field=FotoTessera&Key=GOZ-STE-94
Cesare,Gradi,ITA,Category:Cesare Gradi,Q3665442,http://ww2.legavolley.it/FotoAtleta.aspx?Field=FotoTessera&Key=GRA-CES-88
Michele,Grassano,ITA,Category:Michele Grassano,Q18223570,http://ww2.legavolley.it/FotoAtleta.aspx?Field=FotoTessera&Key=GRA-MIC-86
Tommaso,Grassi,ITA,Category:Tommaso Grassi,Q46994771,http://ww2.legavolley.it/FotoAtleta.aspx?Field=FotoTessera&Key=GRA-TOM-94
Alessandro,Graziani,ITA,Category:Alessandro Graziani,Q46994774,http://ww2.legavolley.it/FotoAtleta.aspx?Field=FotoTessera&Key=GRA-ALE-91
Jenia,Grebennikov,FRA,Category:Jenia Grebennikov,Q3176989,http://ww2.legavolley.it/FotoAtleta.aspx?Field=FotoTessera&Key=GRE-JEN-90
Aleks,Grozdanov,BUL,Category:Aleks Grozdanov,Q47001539,http://ww2.legavolley.it/FotoAtleta.aspx?Field=FotoTessera&Key=GRO-ALE-98
Miguel,Gutierrez,CUB,Category:Miguel Gutierrez,Q22278074,http://ww2.legavolley.it/FotoAtleta.aspx?Field=FotoTessera&Key=GUT-MIG-97
Milosz,Hebda,POL,Category:Milosz Hebda,Q11784099,http://ww2.legavolley.it/FotoAtleta.aspx?Field=FotoTessera&Key=HEB-MIL-91
Tim,Held,ITA,Category:Tim Held,Q46994775,http://ww2.legavolley.it/FotoAtleta.aspx?Field=FotoTessera&Key=HEL-TIM-98
Tamir Avraham,Hershko,ISR,Category:Tamir Avraham Hershko,Q47001598,http://ww2.legavolley.it/FotoAtleta.aspx?Field=FotoTessera&Key=HER-TAM-93
Simon,Hirsch,GER,Category:Simon Hirsch,Q1710126,http://ww2.legavolley.it/FotoAtleta.aspx?Field=FotoTessera&Key=HIR-SIM-92
Nicholas,Hoag,CAN,Category:Nicholas Hoag,Q15918418,http://ww2.legavolley.it/FotoAtleta.aspx?Field=FotoTessera&Key=HOA-NIC-92
Thomas,Hodges,AUS,Category:Thomas Hodges,Q22004955,http://ww2.legavolley.it/FotoAtleta.aspx?Field=FotoTessera&Key=HOD-THO-94
Maxwell Philip,Holt,USA,Category:Maxwell Holt,Q3853142,http://ww2.legavolley.it/FotoAtleta.aspx?Field=FotoTessera&Key=HOL-MAX-87
Sjoerd,Hoogendoorn,NED,Category:Sjoerd Hoogendoorn,Q18702691,http://ww2.legavolley.it/FotoAtleta.aspx?Field=FotoTessera&Key=HOO-SJO-91
Arturo,Iglesias,PUR,Category:Arturo Iglesias,Q28668848,http://ww2.legavolley.it/FotoAtleta.aspx?Field=FotoTessera&Key=IGL-ART-95
Paolo,Ingrosso,ITA,Category:Paolo Ingrosso,Q13518674,http://ww2.legavolley.it/FotoAtleta.aspx?Field=FotoTessera&Key=ING-PAO-88
Luca,Innocenti,ITA,Category:Luca Innocenti,Q46994781,http://ww2.legavolley.it/FotoAtleta.aspx?Field=FotoTessera&Key=INN-LUC-91
Andrea,Ippolito,ITA,Category:Andrea Ippolito,Q46994782,http://ww2.legavolley.it/FotoAtleta.aspx?Field=FotoTessera&Key=IPP-AND-85
Yuki,Ishikawa,JPN,Category:Yuki Ishikawa,Q18335658,http://ww2.legavolley.it/FotoAtleta.aspx?Field=FotoTessera&Key=ISH-YUK-95
Marco,Izzo,ITA,Category:Marco Izzo,Q16575856,http://ww2.legavolley.it/FotoAtleta.aspx?Field=FotoTessera&Key=IZZ-MAR-94
Thomas,Jaeschke,USA,Category:Thomas Jaeschke,Q20656074,http://ww2.legavolley.it/FotoAtleta.aspx?Field=FotoTessera&Key=JAE-THO-93
Igor,Jovanovic,SRB,Category:Igor Jovanovic,Q46996665,http://ww2.legavolley.it/FotoAtleta.aspx?Field=FotoTessera&Key=JOV-IGO-90
Luis Fernando,Joventino Venceslau,BRA,Category:Luis Fernando Joventino Venceslau,Q47001606,http://ww2.legavolley.it/FotoAtleta.aspx?Field=FotoTessera&Key=JOV-LUI-89
Osmany,Juantorena,ITA,Category:Osmany Juantorena Portuondo,Q2657250,http://ww2.legavolley.it/FotoAtleta.aspx?Field=FotoTessera&Key=POR-OSM-85
Conrad,Kaminski,USA,Category:Conrad Kaminski,Q27553582,http://ww2.legavolley.it/FotoAtleta.aspx?Field=FotoTessera&Key=KAM-CON-94
Nicolò,Katalan,ITA,Category:Nicolò Katalan,Q46994785,http://ww2.legavolley.it/FotoAtleta.aspx?Field=FotoTessera&Key=KAT-NIC-98
Martin Alberto,Kindgard,ITA,Category:Martin Alberto Kindgard,Q46994788,http://ww2.legavolley.it/FotoAtleta.aspx?Field=FotoTessera&Key=KIN-MAR-86
Kevin,Klinkenberg,BEL,Category:Kévin Klinkenberg,Q16650848,http://ww2.legavolley.it/FotoAtleta.aspx?Field=FotoTessera&Key=KLI-KEV-90
Yvan Arthur,Kody,CMR,Category:Yvan Arthur Kody,Q47001618,http://ww2.legavolley.it/FotoAtleta.aspx?Field=FotoTessera&Key=KOD-YVA-91
Lorenz,Koraimann,AUT,Category:Lorenz Koraimann,Q23007967,http://ww2.legavolley.it/FotoAtleta.aspx?Field=FotoTessera&Key=KOR-LOR-93
Uros,Kovacevic,SRB,Category:Uros Kovacevic,Q166823,http://ww2.legavolley.it/FotoAtleta.aspx?Field=FotoTessera&Key=KOV-URO-93
Jiri,Kovar,ITA,Category:Jiří Kovář,Q3179259,http://ww2.legavolley.it/FotoAtleta.aspx?Field=FotoTessera&Key=KOV-JIR-89
Jan,Kozamernik,SLO,Category:Jan Kozamernik,Q22278706,http://ww2.legavolley.it/FotoAtleta.aspx?Field=FotoTessera&Key=KOZ-JAN-95
Andrea,Lanci,ITA,Category:Andrea Lanci,Q46994820,http://ww2.legavolley.it/FotoAtleta.aspx?Field=FotoTessera&Key=LAN-AND-80
Jake,Langlois,USA,Category:Jake Langlois,Q42671321,http://ww2.legavolley.it/FotoAtleta.aspx?Field=FotoTessera&Key=LAN-JAK-92
Filippo,Lanza,ITA,Category:Filippo Lanza,Q3745230,http://ww2.legavolley.it/FotoAtleta.aspx?Field=FotoTessera&Key=LAN-FIL-91
Jacopo,Larizza,ITA,Category:Jacopo Larizza,Q46994824,http://ww2.legavolley.it/FotoAtleta.aspx?Field=FotoTessera&Key=LAR-JAC-98
Antonio Jun,Lavanga,ITA,Category:Antonio Jun Lavanga,Q46994827,http://ww2.legavolley.it/FotoAtleta.aspx?Field=FotoTessera&Key=LAV-ANJ-99
Daniele,Lavia,ITA,Category:Daniele Lavia,Q46994831,http://ww2.legavolley.it/FotoAtleta.aspx?Field=FotoTessera&Key=LAV-DAN-99
Enrico,Lazzaretto,ITA,Category:Enrico Lazzaretto,Q46994833,http://ww2.legavolley.it/FotoAtleta.aspx?Field=FotoTessera&Key=LAZ-ENR-95
Nicolas,Le Goff,FRA,Category:Nicolas Le Goff,Q3340505,http://ww2.legavolley.it/FotoAtleta.aspx?Field=FotoTessera&Key=NIC-LEG-92
Francois,Lecat,BEL,Category:Francois Lecat,Q22278814,http://ww2.legavolley.it/FotoAtleta.aspx?Field=FotoTessera&Key=LEC-FRA-93
Michele,Leone,ITA,Category:Michele Leone,Q46994836,http://ww2.legavolley.it/FotoAtleta.aspx?Field=FotoTessera&Key=LEO-MIC-93
Giacomo,Leoni,ITA,Category:Giacomo Leoni (volleyball player),Q46994843,http://ww2.legavolley.it/FotoAtleta.aspx?Field=FotoTessera&Key=LEO-GIA-95
Enrico,Libraro,ITA,Category:Enrico Libraro,Q46994845,http://ww2.legavolley.it/FotoAtleta.aspx?Field=FotoTessera&Key=LIB-ENR-83
Jacob,Link,SWE,Category:Jacob Link,Q46997654,http://ww2.legavolley.it/FotoAtleta.aspx?Field=FotoTessera&Key=LIN-JAC-97
Bartlomiej,Lipinski,ITA,Category:Bartlomiej Lipinski,Q46994846,http://ww2.legavolley.it/FotoAtleta.aspx?Field=FotoTessera&Key=LIP-BAR-96
Gianluca,Loglisci,ITA,Category:Gianluca Loglisci,Q46994847,http://ww2.legavolley.it/FotoAtleta.aspx?Field=FotoTessera&Key=LOG-GIA-98
Giuseppe,Longo,ITA,Category:Giuseppe Longo,Q46994848,http://ww2.legavolley.it/FotoAtleta.aspx?Field=FotoTessera&Key=LON-GIU-98
Fabio,Losco,ITA,Category:Fabio Losco,Q46994850,http://ww2.legavolley.it/FotoAtleta.aspx?Field=FotoTessera&Key=LOS-FAB-98
Marco,Lucarelli,ITA,Category:Marco Lucarelli,Q46994856,http://ww2.legavolley.it/FotoAtleta.aspx?Field=FotoTessera&Key=LUC-MAR-96
Leonardo,Lugli,ITA,Category:Leonardo Lugli,Q46994857,http://ww2.legavolley.it/FotoAtleta.aspx?Field=FotoTessera&Key=LUG-LEO-98
Oreste,Luppi,ITA,Category:Oreste Luppi,Q46994859,http://ww2.legavolley.it/FotoAtleta.aspx?Field=FotoTessera&Key=LUP-ORE-83
Stephen,Maar,CAN,Category:Stephen Maar,Q26207441,http://ww2.legavolley.it/FotoAtleta.aspx?Field=FotoTessera&Key=MAA-STE-94
Filippo,Maccabruni,ITA,Category:Filippo Maccabruni,Q46994861,http://ww2.legavolley.it/FotoAtleta.aspx?Field=FotoTessera&Key=MAC-FIL-99
Graziano,Maccarone,ITA,Category:Graziano Maccarone,Q46994865,http://ww2.legavolley.it/FotoAtleta.aspx?Field=FotoTessera&Key=MAC-GRA-96
Filippo,Maffeis,ITA,Category:Filippo Maffeis,Q46994870,http://ww2.legavolley.it/FotoAtleta.aspx?Field=FotoTessera&Key=MAF-FIL-98
Guilherme,Magnani Hage,BRA,Category:Guilherme Magnani Hage,Q47001590,http://ww2.legavolley.it/FotoAtleta.aspx?Field=FotoTessera&Key=HAG-GUI-88
Domenico,Maiorana,ITA,Category:Domenico Maiorana,Q46994871,http://ww2.legavolley.it/FotoAtleta.aspx?Field=FotoTessera&Key=MAI-DOM-90
Mohammadjavad,Manavinejad,IRI,Category:Mohammadjavad Manavinejad,Q47001625,http://ww2.legavolley.it/FotoAtleta.aspx?Field=FotoTessera&Key=MAN-MOH-95
Andrea,Mancini,ITA,Category:Andrea Mancini,Q47501362,http://ww2.legavolley.it/FotoAtleta.aspx?Field=FotoTessera&Key=MAN-AND-98
Mario,Manginelli,ITA,Category:Mario Manginelli,Q46994873,http://ww2.legavolley.it/FotoAtleta.aspx?Field=FotoTessera&Key=MAN-MAR-99
Loris,Manià ,ITA,Category:Loris Manià,Q3837163,http://ww2.legavolley.it/FotoAtleta.aspx?Field=FotoTessera&Key=MAN-LOR-79
Manuele,Marchiani,ITA,Category:Manuele Marchiani,Q11767206,http://ww2.legavolley.it/FotoAtleta.aspx?Field=FotoTessera&Key=MAR-MAN-89
Stefano,Marchini,ITA,Category:Stefano Marchini,Q46994878,http://ww2.legavolley.it/FotoAtleta.aspx?Field=FotoTessera&Key=MAR-STE-97
Andrea,Marchisio,ITA,Category:Andrea Marchisio,Q11685751,http://ww2.legavolley.it/FotoAtleta.aspx?Field=FotoTessera&Key=MAR-AND-90
Nicolas,Marechal,FRA,Category:Nicolas Maréchal,Q3340582,http://ww2.legavolley.it/FotoAtleta.aspx?Field=FotoTessera&Key=MAR-NIC-87
Pietro,Margutti,ITA,Category:Pietro Margutti,Q46994880,http://ww2.legavolley.it/FotoAtleta.aspx?Field=FotoTessera&Key=MAR-PIE-98
Romolo,Mariano,ITA,Category:Romolo Mariano,Q46994882,http://ww2.legavolley.it/FotoAtleta.aspx?Field=FotoTessera&Key=MAR-ROM-91
Giulio,Mariella,ITA,Category:Giulio Mariella,Q46994888,http://ww2.legavolley.it/FotoAtleta.aspx?Field=FotoTessera&Key=MAR-GIU-95
Michele,Marinelli,ITA,Category:Michele Marinelli,Q46994890,http://ww2.legavolley.it/FotoAtleta.aspx?Field=FotoTessera&Key=MAR-MIC-92
Alberto,Marra,ITA,Category:Alberto Marra,Q46994893,http://ww2.legavolley.it/FotoAtleta.aspx?Field=FotoTessera&Key=MAR-ALB-98
Davide,Marra,ITA,Category:Davide Marra,Q3019096,http://ww2.legavolley.it/FotoAtleta.aspx?Field=FotoTessera&Key=MAR-DAV-84
Emanuele Maria,Marra,ITA,Category:Emanuele Maria Marra,Q46994894,http://ww2.legavolley.it/FotoAtleta.aspx?Field=FotoTessera&Key=MAR-EMA-98
Federico,Marrazzo,ITA,Category:Federico Marrazzo,Q46900417,http://ww2.legavolley.it/FotoAtleta.aspx?Field=FotoTessera&Key=MAR-FED-94
Federico,Marretta,ITA,Category:Federico Marretta,Q46994919,http://ww2.legavolley.it/FotoAtleta.aspx?Field=FotoTessera&Key=MAR-FED-90
Leonel,Marshall,CUB,Category:Leonel Marshall,Q1890805,http://ww2.legavolley.it/FotoAtleta.aspx?Field=FotoTessera&Key=MAR-LEO-79
Sebastiano,Marsili,ITA,Category:Sebastiano Marsili (volleyball player),Q46994940,http://ww2.legavolley.it/FotoAtleta.aspx?Field=FotoTessera&Key=MAR-SEB-96
Gabriele,Maruotti,ITA,Category:Gabriele Maruotti,Q3756636,http://ww2.legavolley.it/FotoAtleta.aspx?Field=FotoTessera&Key=MAR-GAB-88
Jacopo,Massari,ITA,Category:Jacopo Massari,Q16268512,http://ww2.legavolley.it/FotoAtleta.aspx?Field=FotoTessera&Key=MAS-JAC-88
Andrea,Mattei,ITA,Category:Andrea Mattei,Q18923606,http://ww2.legavolley.it/FotoAtleta.aspx?Field=FotoTessera&Key=MAT-AND-93
Pierpaolo,Mauti,ITA,Category:Pierpaolo Mauti,Q46994950,http://ww2.legavolley.it/FotoAtleta.aspx?Field=FotoTessera&Key=MAU-PIE-95
Federico,Mazza,ITA,Category:Federico Mazza,Q46994951,http://ww2.legavolley.it/FotoAtleta.aspx?Field=FotoTessera&Key=MAZ-FED-96
Riccardo,Mazzon,ITA,Category:Riccardo Mazzon,Q46994958,http://ww2.legavolley.it/FotoAtleta.aspx?Field=FotoTessera&Key=MAZ-RIC-96
Daniele,Mazzone,ITA,Category:Daniele Mazzone,Q15927093,http://ww2.legavolley.it/FotoAtleta.aspx?Field=FotoTessera&Key=MAZ-DAN-92
Tiziano,Mazzone,ITA,Category:Tiziano Mazzone,Q17399566,http://ww2.legavolley.it/FotoAtleta.aspx?Field=FotoTessera&Key=MAZ-TIZ-95
Alisson Do Monte Martin,Melo,BRA,Category:Alisson Do Monte Martin Melo,Q30932352,http://ww2.legavolley.it/FotoAtleta.aspx?Field=FotoTessera&Key=MEL-ALI-93
Michael,Menardo,ITA,Category:Michael Menardo,Q46994964,http://ww2.legavolley.it/FotoAtleta.aspx?Field=FotoTessera&Key=ME2-MIC-90
Stefano,Mengozzi,ITA,Category:Stefano Mengozzi,Q16268538,http://ww2.legavolley.it/FotoAtleta.aspx?Field=FotoTessera&Key=MEN-STE-85
Michael,Menicali,ITA,Category:Michael Menicali,Q46994967,http://ww2.legavolley.it/FotoAtleta.aspx?Field=FotoTessera&Key=MEN-MIC-90
Mario,Mercorio,ITA,Category:Mario Mercorio,Q21030439,http://ww2.legavolley.it/FotoAtleta.aspx?Field=FotoTessera&Key=MER-MAR-83
Sebastiano,Milan,ITA,Category:Sebastiano Milan,Q21030441,http://ww2.legavolley.it/FotoAtleta.aspx?Field=FotoTessera&Key=MIL-SEB-95
Danail,Milushev,BUL,Category:Danail Milushev,Q3013294,http://ww2.legavolley.it/FotoAtleta.aspx?Field=FotoTessera&Key=MIL-DAN-84
Mattia,Minnoni,ITA,Category:Mattia Minnoni,Q46994971,http://ww2.legavolley.it/FotoAtleta.aspx?Field=FotoTessera&Key=MIN-MAT-81
Mirko,Miscione,ITA,Category:Mirko Miscione,Q46994985,http://ww2.legavolley.it/FotoAtleta.aspx?Field=FotoTessera&Key=MIS-MIR-88
Eric,Mochalski,USA,Category:Eric Mochalski,Q42670904,http://ww2.legavolley.it/FotoAtleta.aspx?Field=FotoTessera&Key=MOC-ERI-92
Dario,Monguzzi,ITA,Category:Dario Monguzzi,Q46995001,http://ww2.legavolley.it/FotoAtleta.aspx?Field=FotoTessera&Key=MON-DAR-84
Natale,Monopoli,ITA,Category:Natale Monopoli,Q3870621,http://ww2.legavolley.it/FotoAtleta.aspx?Field=FotoTessera&Key=MON-NAT-75
Davide,Montò,ITA,Category:Davide Montò,Q46995009,http://ww2.legavolley.it/FotoAtleta.aspx?Field=FotoTessera&Key=MON-DAV-95
Djalma,Moreira,BRA,Category:Djalma Moreira,Q47001648,http://ww2.legavolley.it/FotoAtleta.aspx?Field=FotoTessera&Key=MOR-DJA-92
Michele,Morelli,ITA,Category:Michele Morelli (volleyball player),Q46995020,http://ww2.legavolley.it/FotoAtleta.aspx?Field=FotoTessera&Key=MOR-MIC-91
Davide,Morgese,ITA,Category:Davide Morgese,Q46995023,http://ww2.legavolley.it/FotoAtleta.aspx?Field=FotoTessera&Key=MOR-DAV-96
Leandro,Mosca,ITA,Category:Leandro Mosca,Q46995025,http://ww2.legavolley.it/FotoAtleta.aspx?Field=FotoTessera&Key=MOS-LEA-00
Bruno Bruninho,Mossa De Rezende,BRA,Category:Bruno Rezende,Q613695,http://ww2.legavolley.it/FotoAtleta.aspx?Field=FotoTessera&Key=MOS-BRU-86
Matheus,Motzo,ITA,Category:Matheus Motzo,Q46995028,http://ww2.legavolley.it/FotoAtleta.aspx?Field=FotoTessera&Key=MOT-MAT-99
Donato,Musardo,ITA,Category:Donato Musardo,Q46995029,http://ww2.legavolley.it/FotoAtleta.aspx?Field=FotoTessera&Key=MUS-DON-86
Filippo,Nannini,ITA,Category:Filippo Nannini,Q46995031,http://ww2.legavolley.it/FotoAtleta.aspx?Field=FotoTessera&Key=NAN-FIL-88
Gabriele,Nelli,ITA,Category:Gabriele Nelli,Q15918510,http://ww2.legavolley.it/FotoAtleta.aspx?Field=FotoTessera&Key=NEL-GAB-93
Martin,Nemec,SVK,Category:Martin Nemec,Q17375760,http://ww2.legavolley.it/FotoAtleta.aspx?Field=FotoTessera&Key=NEM-MAR-84
Earvin,Ngapeth,FRA,Category:Earvin N'Gapeth,Q3046479,http://ww2.legavolley.it/FotoAtleta.aspx?Field=FotoTessera&Key=NGA-EAR-91
Swan,Ngapeth,FRA,Category:Swan N'Gapeth,Q3506420,http://ww2.legavolley.it/FotoAtleta.aspx?Field=FotoTessera&Key=NGA-SWA-92
Rasmus Breuning,Nielsen,DEN,Category:Rasmus Breuning Nielsen,Q47001656,http://ww2.legavolley.it/FotoAtleta.aspx?Field=FotoTessera&Key=NIE-RAS-94
Andrea,Olivati,ITA,Category:Andrea Olivati,Q46995033,http://ww2.legavolley.it/FotoAtleta.aspx?Field=FotoTessera&Key=OLI-AND-94
Samuel,Onwuelo,ITA,Category:Samuel Onwuelo,Q46995036,http://ww2.legavolley.it/FotoAtleta.aspx?Field=FotoTessera&Key=ONW-SAM-97
Santiago,Orduna,ITA,Category:Santiago Orduna,Q18419410,http://ww2.legavolley.it/FotoAtleta.aspx?Field=FotoTessera&Key=ORD-SAN-83
Giuseppe,Ottaviani,ITA,Category:Giuseppe Ottaviani,Q46995038,http://ww2.legavolley.it/FotoAtleta.aspx?Field=FotoTessera&Key=OTT-GIU-91
Domenico,Pace,ITA,Category:Domenico Pace,Q46995044,http://ww2.legavolley.it/FotoAtleta.aspx?Field=FotoTessera&Key=PAC-DOM-00
Williams,Padura Diaz,ITA,Category:Williams Padura Diaz,Q46995047,http://ww2.legavolley.it/FotoAtleta.aspx?Field=FotoTessera&Key=PAD-WIL-86
Alen,Pajenk,SLO,Category:Alen Pajenk,Q2832654,http://ww2.legavolley.it/FotoAtleta.aspx?Field=FotoTessera&Key=PAJ-ALE-86
Marco Rocco,Panciocco,ITA,Category:Marco Rocco Panciocco,Q46995050,http://ww2.legavolley.it/FotoAtleta.aspx?Field=FotoTessera&Key=PAN-ROC-99
Matteo,Paoletti,ITA,Category:Matteo Paoletti,Q3852170,http://ww2.legavolley.it/FotoAtleta.aspx?Field=FotoTessera&Key=PAO-MAT-82
Alessandro,Paoli,ITA,Category:Alessandro Paoli,Q3610192,http://ww2.legavolley.it/FotoAtleta.aspx?Field=FotoTessera&Key=PAO-ALE-84
Adriano,Paolucci,ITA,Category:Adriano Paolucci,Q16524647,http://ww2.legavolley.it/FotoAtleta.aspx?Field=FotoTessera&Key=PAO-ADR-79
Matteo,Paris,ITA,Category:Matteo Paris,Q16577147,http://ww2.legavolley.it/FotoAtleta.aspx?Field=FotoTessera&Key=PAR-MAT-83
Simone,Parodi,ITA,Category:Simone Parodi,Q1792943,http://ww2.legavolley.it/FotoAtleta.aspx?Field=FotoTessera&Key=PAR-SIM-86
Pier Paolo,Partenio,ITA,Category:Pier Paolo Partenio,Q16795601,http://ww2.legavolley.it/FotoAtleta.aspx?Field=FotoTessera&Key=PAR-PIE-93
Michele,Parusso,ITA,Category:Michele Parusso,Q46995057,http://ww2.legavolley.it/FotoAtleta.aspx?Field=FotoTessera&Key=PAR-MIC-87
Benjamin,Patch,USA,Category:Benjamin Patch,Q30643220,http://ww2.legavolley.it/FotoAtleta.aspx?Field=FotoTessera&Key=PAT-BEN-94
Stefano,Patriarca,ITA,Category:Stefano Patriarca,Q16610317,http://ww2.legavolley.it/FotoAtleta.aspx?Field=FotoTessera&Key=PAT-STE-87
Janis,Peda,LAT,Category:Janis Peda,Q3191222,http://ww2.legavolley.it/FotoAtleta.aspx?Field=FotoTessera&Key=PED-JAN-85
Matteo,Pedron,ITA,Category:Matteo Pedron,Q46995063,http://ww2.legavolley.it/FotoAtleta.aspx?Field=FotoTessera&Key=PED-MAT-92
Christian,Peluso,ITA,Category:Christian Peluso,Q47502292,http://ww2.legavolley.it/FotoAtleta.aspx?Field=FotoTessera&Key=PEL-CRI-94
Mitchell,Penning,USA,Category:Mitchell Penning,Q42671072,http://ww2.legavolley.it/FotoAtleta.aspx?Field=FotoTessera&Key=PEN-MIT-95
Giacomo,Percoco,ITA,Category:Giacomo Percoco,Q46995064,http://ww2.legavolley.it/FotoAtleta.aspx?Field=FotoTessera&Key=PER-GIA-86
Wagner,Pereira Da Silva,BRA,Category:Wagner Pereira Da Silva,Q47001664,http://ww2.legavolley.it/FotoAtleta.aspx?Field=FotoTessera&Key=PER-WAG-93
Giancarlo,Pesare,ITA,Category:Giancarlo Pesare,Q47502327,http://ww2.legavolley.it/FotoAtleta.aspx?Field=FotoTessera&Key=PES-GIA-95
Nicola,Pesaresi,ITA,Category:Nicola Pesaresi,Q3876315,http://ww2.legavolley.it/FotoAtleta.aspx?Field=FotoTessera&Key=PES-NIC-91
Milan,Peslac,ITA,Category:Milan Peslac,Q46995068,http://ww2.legavolley.it/FotoAtleta.aspx?Field=FotoTessera&Key=PES-MIL-98
Dusan,Petkovic,SRB,Category:Dusan Petkovic,Q16087144,http://ww2.legavolley.it/FotoAtleta.aspx?Field=FotoTessera&Key=PET-DUS-92
Matteo,Piano,ITA,Category:Matteo Piano,Q15838844,http://ww2.legavolley.it/FotoAtleta.aspx?Field=FotoTessera&Key=PIA-MAT-90
Lorenzo,Piazza,ITA,Category:Lorenzo Piazza,Q46995071,http://ww2.legavolley.it/FotoAtleta.aspx?Field=FotoTessera&Key=PIA-LOR-92
Alessandro,Piccinelli,ITA,Category:Alessandro Piccinelli,Q46995072,http://ww2.legavolley.it/FotoAtleta.aspx?Field=FotoTessera&Key=PIC-ALE-97
Edoardo,Picco,ITA,Category:Edoardo Picco,Q16736845,http://ww2.legavolley.it/FotoAtleta.aspx?Field=FotoTessera&Key=PIC-EDO-94
Pierpaolo,Piedepalumbo,ITA,Category:Pierpaolo Piedepalumbo,Q46995073,http://ww2.legavolley.it/FotoAtleta.aspx?Field=FotoTessera&Key=PIE-PIE-92
Marco,Pierotti,ITA,Category:Marco Pierotti,Q46995076,http://ww2.legavolley.it/FotoAtleta.aspx?Field=FotoTessera&Key=PIE-MAR-96
Enrico,Pilotto,ITA,Category:Enrico Pilotto,Q46995086,http://ww2.legavolley.it/FotoAtleta.aspx?Field=FotoTessera&Key=PIL-ENR-98
Giulio,Pinali,ITA,Category:Giulio Pinali,Q46995089,http://ww2.legavolley.it/FotoAtleta.aspx?Field=FotoTessera&Key=PIN-GIU-97
Riccardo,Pinelli,ITA,Category:Riccardo Pinelli,Q16268651,http://ww2.legavolley.it/FotoAtleta.aspx?Field=FotoTessera&Key=PIN-RIC-91
Cosimo Marco,Piscopo,ITA,Category:Cosimo Marco Piscopo,Q3695131,http://ww2.legavolley.it/FotoAtleta.aspx?Field=FotoTessera&Key=PIS-COS-83
Francesco,Pison,ITA,Category:Francesco Pison,Q46995095,http://ww2.legavolley.it/FotoAtleta.aspx?Field=FotoTessera&Key=PIS-FRA-88
Matteo,Pistolesi,ITA,Category:Matteo Pistolesi,Q46995097,http://ww2.legavolley.it/FotoAtleta.aspx?Field=FotoTessera&Key=PIS-MAT-95
Matteo,Pizzichini,ITA,Category:Matteo Pizzichini,Q46995098,http://ww2.legavolley.it/FotoAtleta.aspx?Field=FotoTessera&Key=PIZ-MAT-96
Filippo,Pochini,ITA,Category:Filippo Pochini,Q46995100,http://ww2.legavolley.it/FotoAtleta.aspx?Field=FotoTessera&Key=POC-FIL-89
Marko,Podrascanin,SRB,Category:Marko Podraščanin,Q1359971,http://ww2.legavolley.it/FotoAtleta.aspx?Field=FotoTessera&Key=POD-MAR-87
Cristian Gabriel,Poglajen,ARG,Category:Cristian Poglajen,Q1140323,http://ww2.legavolley.it/FotoAtleta.aspx?Field=FotoTessera&Key=POG-CRI-89
Alberto,Polo,ITA,Category:Alberto Polo,Q21030448,http://ww2.legavolley.it/FotoAtleta.aspx?Field=FotoTessera&Key=POL-ALB-95
Alessandro,Porcelli,ITA,Category:Alessandro Porcelli,Q16782371,http://ww2.legavolley.it/FotoAtleta.aspx?Field=FotoTessera&Key=POR-ALE-95
Massimiliano,Prandi,ITA,Category:Massimiliano Prandi,Q16576920,http://ww2.legavolley.it/FotoAtleta.aspx?Field=FotoTessera&Key=PRA-MAS-89
Petar,Premovic,SRB,Category:Petar Premovic,Q46997741,http://ww2.legavolley.it/FotoAtleta.aspx?Field=FotoTessera&Key=PRE-PET-94
Luca,Presta,ITA,Category:Luca Presta,Q16573880,http://ww2.legavolley.it/FotoAtleta.aspx?Field=FotoTessera&Key=PRE-LUC-95
Alessandro,Preti,ITA,Category:Alessandro Preti,Q16525187,http://ww2.legavolley.it/FotoAtleta.aspx?Field=FotoTessera&Key=PRE-ALE-92
Francesco,Pricoco,ITA,Category:Francesco Pricoco,Q46995111,http://ww2.legavolley.it/FotoAtleta.aspx?Field=FotoTessera&Key=PRI-FRA-93
Alessandro,Primavera,ITA,Category:Alessandro Primavera,Q46995114,http://ww2.legavolley.it/FotoAtleta.aspx?Field=FotoTessera&Key=PRI-ALE-95
Giovanni,Provvisiero,ITA,Category:Giovanni Provvisiero,Q46995123,http://ww2.legavolley.it/FotoAtleta.aspx?Field=FotoTessera&Key=PRO-GIO-96
Pierre,Pujol,FRA,Category:Pierre Pujol,Q1410818,http://ww2.legavolley.it/FotoAtleta.aspx?Field=FotoTessera&Key=PUJ-PIE-84
Augusto,Quarta,ITA,Category:Augusto Quarta,Q46995127,http://ww2.legavolley.it/FotoAtleta.aspx?Field=FotoTessera&Key=QUA-AUG-93
Davide,Quartarone,ITA,Category:Davide Quartarone,Q3703603,http://ww2.legavolley.it/FotoAtleta.aspx?Field=FotoTessera&Key=QUA-DAV-86
Michele,Raffaele,ITA,Category:Michele Raffaele,Q46995129,http://ww2.legavolley.it/FotoAtleta.aspx?Field=FotoTessera&Key=RAF-MIC-99
Giacomo,Raffaelli,ITA,Category:Giacomo Raffaelli (volleyball player),Q25468909,http://ww2.legavolley.it/FotoAtleta.aspx?Field=FotoTessera&Key=RAF-GIA-95
Alessio,Ragoni,ITA,Category:Alessio Ragoni,Q46995130,http://ww2.legavolley.it/FotoAtleta.aspx?Field=FotoTessera&Key=RAG-ALE-00
Luigi,Randazzo,ITA,Category:Luigi Randazzo,Q16574320,http://ww2.legavolley.it/FotoAtleta.aspx?Field=FotoTessera&Key=RAN-LUI-94
Leonardo,Razzetto,ITA,Category:Leonardo Razzetto,Q46995136,http://ww2.legavolley.it/FotoAtleta.aspx?Field=FotoTessera&Key=RAZ-LEO-91
Francesco,Recine,ITA,Category:Francesco Recine,Q46995138,http://ww2.legavolley.it/FotoAtleta.aspx?Field=FotoTessera&Key=REC-FRA-99
Lucas Thomaz,Ribeiro,BRA,Category:Lucas Thomaz Ribeiro,Q47001675,http://ww2.legavolley.it/FotoAtleta.aspx?Field=FotoTessera&Key=RIB-LUC-94
Dario,Ribezzo,ITA,Category:Dario Ribezzo,Q46995142,http://ww2.legavolley.it/FotoAtleta.aspx?Field=FotoTessera&Key=RIB-DAR-02
Fabio,Ricci,ITA,Category:Fabio Ricci,Q16268695,http://ww2.legavolley.it/FotoAtleta.aspx?Field=FotoTessera&Key=RIC-FAB-94
Jordan,Richards,AUS,Category:Jordan Richards,Q24005118,http://ww2.legavolley.it/FotoAtleta.aspx?Field=FotoTessera&Key=RIC-JOR-93
Matteo,Riva,ITA,Category:Matteo Riva,Q46995146,http://ww2.legavolley.it/FotoAtleta.aspx?Field=FotoTessera&Key=RIV-MAT-90
Marco,Rizzo,ITA,Category:Marco Rizzo (volleyball player),Q19985100,http://ww2.legavolley.it/FotoAtleta.aspx?Field=FotoTessera&Key=RIZ-MAR-90
Gabriele,Robbiati,ITA,Category:Gabriele Robbiati,Q46995149,http://ww2.legavolley.it/FotoAtleta.aspx?Field=FotoTessera&Key=ROB-GAB-83
Giulio,Romagnoli,ITA,Category:Giulio Romagnoli,Q46995150,http://ww2.legavolley.it/FotoAtleta.aspx?Field=FotoTessera&Key=ROM-GIU-98
Yuri,Romanò,ITA,Category:Yuri Romanò,Q46995155,http://ww2.legavolley.it/FotoAtleta.aspx?Field=FotoTessera&Key=ROM-YUR-97
Roberto,Romiti,ITA,Category:Roberto Romiti,Q18420363,http://ww2.legavolley.it/FotoAtleta.aspx?Field=FotoTessera&Key=ROM-ROB-83
Andrea,Rondoni,ITA,Category:Andrea Rondoni,Q46995158,http://ww2.legavolley.it/FotoAtleta.aspx?Field=FotoTessera&Key=RON-AND-99
Federico,Rossatti,ITA,Category:Federico Rossatti,Q46995160,http://ww2.legavolley.it/FotoAtleta.aspx?Field=FotoTessera&Key=ROS-FED-94
Andrea,Rossi,ITA,Category:Andrea Rossi,Q9150965,http://ww2.legavolley.it/FotoAtleta.aspx?Field=FotoTessera&Key=ROS-AND-89
Salvatore,Rossini,ITA,Category:Salvatore Rossini,Q15838843,http://ww2.legavolley.it/FotoAtleta.aspx?Field=FotoTessera&Key=ROS-SAL-86
Mattia,Rosso,ITA,Category:Mattia Rosso,Q3852314,http://ww2.legavolley.it/FotoAtleta.aspx?Field=FotoTessera&Key=ROS-MAT-85
Francisco,Ruiz,ESP,Category:Francisco Ruiz (volleyball player),Q47001686,http://ww2.legavolley.it/FotoAtleta.aspx?Field=FotoTessera&Key=RUI-FRA-91
Aaron,Russell,USA,Category:Aaron Russell,Q20729960,http://ww2.legavolley.it/FotoAtleta.aspx?Field=FotoTessera&Key=RUS-AAR-93
Davide Luigi,Russo,ITA,Category:Davide Luigi Russo,Q46995163,http://ww2.legavolley.it/FotoAtleta.aspx?Field=FotoTessera&Key=RUS-DAV-01
Erminio,Russo,ITA,Category:Erminio Russo,Q46995167,http://ww2.legavolley.it/FotoAtleta.aspx?Field=FotoTessera&Key=RUS-ERM-94
Roberto,Russo,ITA,Category:Roberto Russo,Q46995168,http://ww2.legavolley.it/FotoAtleta.aspx?Field=FotoTessera&Key=RUS-ROB-97
Giulio,Sabbi,ITA,Category:Giulio Sabbi,Q3769768,http://ww2.legavolley.it/FotoAtleta.aspx?Field=FotoTessera&Key=SAB-GIU-89
Mauro,Sacripanti,ITA,Category:Mauro Sacripanti,Q46995169,http://ww2.legavolley.it/FotoAtleta.aspx?Field=FotoTessera&Key=SAC-MAU-98
Alberto,Saibene,ITA,Category:Alberto Saibene,Q46995171,http://ww2.legavolley.it/FotoAtleta.aspx?Field=FotoTessera&Key=SAI-ALB-98
Hiosvany,Salgado,ITA,Category:Hiosvany Salgado,Q16563355,http://ww2.legavolley.it/FotoAtleta.aspx?Field=FotoTessera&Key=SAL-HIO-79
Nicola,Salsi,ITA,Category:Nicola Salsi,Q46995174,http://ww2.legavolley.it/FotoAtleta.aspx?Field=FotoTessera&Key=SAL-NIC-97
Taylor,Sander,USA,Category:Taylor Sander,Q16612430,http://ww2.legavolley.it/FotoAtleta.aspx?Field=FotoTessera&Key=SAN-TAY-92
Andrea,Santangelo,ITA,Category:Andrea Santangelo,Q46995176,http://ww2.legavolley.it/FotoAtleta.aspx?Field=FotoTessera&Key=SANT-AND-94
Marco,Santucci,ITA,Category:Marco Santucci (volleyball player),Q46995178,http://ww2.legavolley.it/FotoAtleta.aspx?Field=FotoTessera&Key=SAN-MAR-83
Luca,Sartori,ITA,Category:Luca Sartori,Q46995181,http://ww2.legavolley.it/FotoAtleta.aspx?Field=FotoTessera&Key=SAR-LUC-01
Alessandro,Saturnino,ITA,Category:Alessandro Saturnino,Q46995182,http://ww2.legavolley.it/FotoAtleta.aspx?Field=FotoTessera&Key=SAT-ALE-96
Cristian,Savani,ITA,Category:Cristian Savani,Q920767,http://ww2.legavolley.it/FotoAtleta.aspx?Field=FotoTessera&Key=SAV-CRI-82
Riccardo,Sbertoli,ITA,Category:Riccardo Sbertoli,Q29635938,http://ww2.legavolley.it/FotoAtleta.aspx?Field=FotoTessera&Key=SBE-RIC-98
Ruben,Schott,GER,Category:Ruben Schott,Q15843183,http://ww2.legavolley.it/FotoAtleta.aspx?Field=FotoTessera&Key=SCH-RUB-94
Simone,Scopelliti,ITA,Category:Simone Scopelliti,Q16268751,http://ww2.legavolley.it/FotoAtleta.aspx?Field=FotoTessera&Key=SCO-SIM-94
Georgi,Seganov,BUL,Category:Georgi Seganov,Q21622781,http://ww2.legavolley.it/FotoAtleta.aspx?Field=FotoTessera&Key=SEG-GEO-93
Matteo,Segoni,ITA,Category:Matteo Segoni,Q46995184,http://ww2.legavolley.it/FotoAtleta.aspx?Field=FotoTessera&Key=SEG-MAT-93
Nicola,Sesto,ITA,Category:Nicola Sesto,Q46995186,http://ww2.legavolley.it/FotoAtleta.aspx?Field=FotoTessera&Key=SES-NIC-87
Felice,Sette,ITA,Category:Felice Sette,Q46995188,http://ww2.legavolley.it/FotoAtleta.aspx?Field=FotoTessera&Key=SET-FEL-96
Nicolò,Seveglievich,ITA,Category:Nicolò Seveglievich,Q46995189,http://ww2.legavolley.it/FotoAtleta.aspx?Field=FotoTessera&Key=SEV-NIC-96
Dmitriy,Shavrak,UKR,Category:Dmitriy Shavrak,Q46997772,http://ww2.legavolley.it/FotoAtleta.aspx?Field=FotoTessera&Key=SHA-DMI-91
James,Shaw,USA,Category:James Shaw (volleyball player),Q24005138,http://ww2.legavolley.it/FotoAtleta.aspx?Field=FotoTessera&Key=SHA-JAM-94
Erik Thomas,Shoji,USA,Category:Erik Thomas Shoji,Q46997946,http://ww2.legavolley.it/FotoAtleta.aspx?Field=FotoTessera&Key=SHO-ERI-89
Kawika,Shoji,USA,Category:Kawika Shoji,Q1737351,http://ww2.legavolley.it/FotoAtleta.aspx?Field=FotoTessera&Key=SHO-KAW-87
Francesco,Sideri,ITA,Category:Francesco Sideri,Q46995190,http://ww2.legavolley.it/FotoAtleta.aspx?Field=FotoTessera&Key=SID-FRA-94
Tommi,Siirila,FIN,Category:Tommi Siirila,Q11898074,http://ww2.legavolley.it/FotoAtleta.aspx?Field=FotoTessera&Key=SII-TOM-93
Giulio,Silva,ITA,Category:Giulio Silva,Q46995193,http://ww2.legavolley.it/FotoAtleta.aspx?Field=FotoTessera&Key=SIL-GIU-86
Alexander,Simeonov,BUL,Category:Alexander Simeonov,Q47001696,http://ww2.legavolley.it/FotoAtleta.aspx?Field=FotoTessera&Key=SIM-ALE-86
Michele,Simoni,ITA,Category:Michele Simoni,Q46995194,http://ww2.legavolley.it/FotoAtleta.aspx?Field=FotoTessera&Key=SIM-MIC-90
Alessio,Sitti,ITA,Category:Alessio Sitti,Q46995195,http://ww2.legavolley.it/FotoAtleta.aspx?Field=FotoTessera&Key=SIT-ALE-96
Antonio,Smiriglia,ITA,Category:Antonio Smiriglia,Q46995197,http://ww2.legavolley.it/FotoAtleta.aspx?Field=FotoTessera&Key=SMI-ANT-88
Jan Willem,Snippe,NED,Category:Jan Willem Snippe,Q3806951,http://ww2.legavolley.it/FotoAtleta.aspx?Field=FotoTessera&Key=SNI-JAN-86
Tsvetan,Sokolov,BUL,Category:Tsvetan Sokolov,Q1308455,http://ww2.legavolley.it/FotoAtleta.aspx?Field=FotoTessera&Key=SOK-TSV-89
Luigi,Sordella,ITA,Category:Luigi Sordella,Q46995199,http://ww2.legavolley.it/FotoAtleta.aspx?Field=FotoTessera&Key=SOR-LUI-89
Alessandro,Sorgente,ITA,Category:Alessandro Sorgente,Q46995200,http://ww2.legavolley.it/FotoAtleta.aspx?Field=FotoTessera&Key=SOR-ALE
Emanuele,Sorlini,ITA,Category:Emanuele Sorlini,Q46995201,http://ww2.legavolley.it/FotoAtleta.aspx?Field=FotoTessera&Key=SOR-EMA-98
Daniele,Sottile,ITA,Category:Daniele Sottile,Q3702084,http://ww2.legavolley.it/FotoAtleta.aspx?Field=FotoTessera&Key=SOT-PAS-79
Vincenzo,Spadavecchia,ITA,Category:Vincenzo Spadavecchia,Q22069570,http://ww2.legavolley.it/FotoAtleta.aspx?Field=FotoTessera&Key=SPA-VIN-93
Luca,Spagnuolo,ITA,Category:Luca Spagnuolo,Q46995205,http://ww2.legavolley.it/FotoAtleta.aspx?Field=FotoTessera&Key=SPA-LUC-98
Emanuele,Spampinato,ITA,Category:Emanuele Spampinato,Q46995206,http://ww2.legavolley.it/FotoAtleta.aspx?Field=FotoTessera&Key=SPA-EMA-87
Matteo,Sperandio,ITA,Category:Matteo Sperandio,Q46995207,http://ww2.legavolley.it/FotoAtleta.aspx?Field=FotoTessera&Key=SPE-MAT-92
Lorenzo,Sperotto,ITA,Category:Lorenzo Sperotto,Q46995209,http://ww2.legavolley.it/FotoAtleta.aspx?Field=FotoTessera&Key=SPE-LOR-99
Luca,Spirito,ITA,Category:Luca Spirito,Q18419014,http://ww2.legavolley.it/FotoAtleta.aspx?Field=FotoTessera&Key=SPI-LUC-93
Dragan,Stankovic,SRB,Category:Dragan Stanković,Q1254625,http://ww2.legavolley.it/FotoAtleta.aspx?Field=FotoTessera&Key=STA-DRA-85
Sasha,Starovic,SRB,Category:Saša Starović,Q2121480,http://ww2.legavolley.it/FotoAtleta.aspx?Field=FotoTessera&Key=STA-SAS-88
Enrico,Statuto,ITA,Category:Enrico Statuto,Q46995212,http://ww2.legavolley.it/FotoAtleta.aspx?Field=FotoTessera&Key=STA-ENR-99
Tommaso,Stefani,ITA,Category:Tommaso Stefani,Q46995213,http://ww2.legavolley.it/FotoAtleta.aspx?Field=FotoTessera&Key=STE-TOM-01
Toncek,Stern,SLO,Category:Toncek Stern,Q28967856,http://ww2.legavolley.it/FotoAtleta.aspx?Field=FotoTessera&Key=STE-TON-95
Antonino,Suraci,ITA,Category:Antonino Suraci,Q46995218,http://ww2.legavolley.it/FotoAtleta.aspx?Field=FotoTessera&Key=SUR-ANT-96
Filippo,Taliani,ITA,Category:Filippo Taliani,Q46995222,http://ww2.legavolley.it/FotoAtleta.aspx?Field=FotoTessera&Key=TAL-FIL-89
Vincenzo,Tamburo,ITA,Category:Vincenzo Tamburo,Q4013538,http://ww2.legavolley.it/FotoAtleta.aspx?Field=FotoTessera&Key=TAM-VIN-85
Simmaco,Tartaglione,ITA,Category:Simmaco Tartaglione,Q23857386,http://ww2.legavolley.it/FotoAtleta.aspx?Field=FotoTessera&Key=TAR-SIM-94
Fatijon,Tasholli,ITA,Category:Fatijon Tasholli,Q46995224,http://ww2.legavolley.it/FotoAtleta.aspx?Field=FotoTessera&Key=TAS-FAT-99
Renee,Teppan,EST,Category:Renee Teppan,Q18224703,http://ww2.legavolley.it/FotoAtleta.aspx?Field=FotoTessera&Key=TEP-REN-93
Jernej,Terpin,ITA,Category:Jernej Terpin,Q46995230,http://ww2.legavolley.it/FotoAtleta.aspx?Field=FotoTessera&Key=TER-JER-96
Sebastiano,Thei,ITA,Category:Sebastiano Thei,Q15918507,http://ww2.legavolley.it/FotoAtleta.aspx?Field=FotoTessera&Key=THE-SEB-91
Simone,Tiberti,ITA,Category:Simone Tiberti,Q3961278,http://ww2.legavolley.it/FotoAtleta.aspx?Field=FotoTessera&Key=TIB-SIM-80
Nicola,Tiozzo,ITA,Category:Nicola Tiozzo,Q31062985,http://ww2.legavolley.it/FotoAtleta.aspx?Field=FotoTessera&Key=TIO-NIC-93
Daniele,Tomassetti,ITA,Category:Daniele Tomassetti,Q17285725,http://ww2.legavolley.it/FotoAtleta.aspx?Field=FotoTessera&Key=TOM-DAN-81
Alessandro,Tondo,ITA,Category:Alessandro Tondo,Q44600418,http://ww2.legavolley.it/FotoAtleta.aspx?Field=FotoTessera&Key=TON-ALE-91
Ernesto,Torchia,ITA,Category:Ernesto Torchia,Q46995236,http://ww2.legavolley.it/FotoAtleta.aspx?Field=FotoTessera&Key=TOR-ERN-98
Andrea,Torre,ITA,Category:Andrea Torre,Q46995241,http://ww2.legavolley.it/FotoAtleta.aspx?Field=FotoTessera&Key=TOR-AND-93
Mirko,Torsello,ITA,Category:Mirko Torsello,Q46995244,http://ww2.legavolley.it/FotoAtleta.aspx?Field=FotoTessera&Key=TOR-MIR-87
Alessandro,Toscani,ITA,Category:Alessandro Toscani,Q46995248,http://ww2.legavolley.it/FotoAtleta.aspx?Field=FotoTessera&Key=TOS-ALE-98
Federico,Tosi,ITA,Category:Federico Tosi,Q16555547,http://ww2.legavolley.it/FotoAtleta.aspx?Field=FotoTessera&Key=TOS-FED-91
Dragan,Travica,ITA,Category:Dragan Travica,Q1254642,http://ww2.legavolley.it/FotoAtleta.aspx?Field=FotoTessera&Key=TRA-DRA-86
Calogero,Tulone,ITA,Category:Calogero Tulone,Q46995250,http://ww2.legavolley.it/FotoAtleta.aspx?Field=FotoTessera&Key=TUL-CAL-96
Alessandro,Turla,ITA,Category:Alessandro Turla,Q46995255,http://ww2.legavolley.it/FotoAtleta.aspx?Field=FotoTessera&Key=TUR-ALE-96
Georgios,Tzioumakas,GRE,Category:Georgios Tzioumakas,Q18812312,http://ww2.legavolley.it/FotoAtleta.aspx?Field=FotoTessera&Key=TZI-GEO-95
Tine,Urnaut,SLO,Category:Tine Urnaut,Q630584,http://ww2.legavolley.it/FotoAtleta.aspx?Field=FotoTessera&Key=URN-TIN-88
Valeriano,Usai,ITA,Category:Valeriano Usai,Q46995257,http://ww2.legavolley.it/FotoAtleta.aspx?Field=FotoTessera&Key=USA-VAL-87
Marco,Vacchiano,ITA,Category:Marco Vacchiano,Q46995258,http://ww2.legavolley.it/FotoAtleta.aspx?Field=FotoTessera&Key=VAC-MAR-88
Simone,Valenti,ITA,Category:Simone Valenti,Q46995262,http://ww2.legavolley.it/FotoAtleta.aspx?Field=FotoTessera&Key=VAL-SIM-86
Damiano,Valsecchi,ITA,Category:Damiano Valsecchi,Q3701274,http://ww2.legavolley.it/FotoAtleta.aspx?Field=FotoTessera&Key=VAL-DAM-91
Lucas,Van Berkel,CAN,Category:Lucas Van Berkel,Q23761634,http://ww2.legavolley.it/FotoAtleta.aspx?Field=FotoTessera&Key=VAN-LUC-91
Maarten,Van Garderen,NED,Category:Maarten Van Garderen,Q16661854,http://ww2.legavolley.it/FotoAtleta.aspx?Field=FotoTessera&Key=VAN-MAA-90
Riccardo,Vecchi,ITA,Category:Riccardo Vecchi,Q46995265,http://ww2.legavolley.it/FotoAtleta.aspx?Field=FotoTessera&Key=VEC-RIC-96
Filippo,Vedovotto,ITA,Category:Filippo Vedovotto,Q17423133,http://ww2.legavolley.it/FotoAtleta.aspx?Field=FotoTessera&Key=VED-FIL-90
Gabriel Michael,Vega,USA,Category:Gabriel Michael Vega,Q46998003,http://ww2.legavolley.it/FotoAtleta.aspx?Field=FotoTessera&Key=VEG-GAB-93
Pieter,Verhees,BEL,Category:Pieter Verhees,Q9281134,http://ww2.legavolley.it/FotoAtleta.aspx?Field=FotoTessera&Key=VER-PIE-89
Luca,Vettori,ITA,Category:Luca Vettori,Q15014899,http://ww2.legavolley.it/FotoAtleta.aspx?Field=FotoTessera&Key=VET-LUC-91
Alejandro,Vigil Gonzalez,ESP,Category:Alejandro Vigil Gonzalez,Q47001708,http://ww2.legavolley.it/FotoAtleta.aspx?Field=FotoTessera&Key=VIG-ALE-93
Diego,Villotti,ITA,Category:Diego Villotti,Q46995268,http://ww2.legavolley.it/FotoAtleta.aspx?Field=FotoTessera&Key=VIL-DIE-94
Marco,Vitelli,ITA,Category:Marco Vitelli,Q40991894,http://ww2.legavolley.it/FotoAtleta.aspx?Field=FotoTessera&Key=VIT-MAR-96
Marco,Volpato,ITA,Category:Marco Volpato,Q21030457,http://ww2.legavolley.it/FotoAtleta.aspx?Field=FotoTessera&Key=VOL-MAR-90
Brett James,Walsh,USA,Category:Brett James Walsh,Q26837733,http://ww2.legavolley.it/FotoAtleta.aspx?Field=FotoTessera&Key=WAL-BRE-94
Lucas,Yoder,USA,Category:Lucas Yoder,Q46998004,http://ww2.legavolley.it/FotoAtleta.aspx?Field=FotoTessera&Key=YOD-LUC-95
Viktor,Yosifov,BUL,Category:Viktor Yosifov,Q554458,http://ww2.legavolley.it/FotoAtleta.aspx?Field=FotoTessera&Key=YOS-VIK-85
Leon,Zaccari,ITA,Category:Leon Zaccari,Q46995274,http://ww2.legavolley.it/FotoAtleta.aspx?Field=FotoTessera&Key=ZAC-LEO-01
Matteo,Zamagni,ITA,Category:Matteo Zamagni,Q46995280,http://ww2.legavolley.it/FotoAtleta.aspx?Field=FotoTessera&Key=ZAM-MAT-89
Massimo,Zanardini,ITA,Category:Massimo Zanardini,Q46995283,http://ww2.legavolley.it/FotoAtleta.aspx?Field=FotoTessera&Key=ZAN-MAS-97
Ivan,Zanettin,VEN,Category:Ivan Zanettin,Q46998006,http://ww2.legavolley.it/FotoAtleta.aspx?Field=FotoTessera&Key=ZAN-IVA-97
Matteo,Zanini,ITA,Category:Matteo Zanini,Q46995287,http://ww2.legavolley.it/FotoAtleta.aspx?Field=FotoTessera&Key=ZAN-MAT-94
Michael,Zanni,ITA,Category:Michael Zanni,Q46995288,http://ww2.legavolley.it/FotoAtleta.aspx?Field=FotoTessera&Key=ZAN-MIC-98
Enrico Guarienti,Zappoli,BRA,Category:Enrico Guarienti Zappoli,Q16337417,http://ww2.legavolley.it/FotoAtleta.aspx?Field=FotoTessera&Key=ZAP-ENR-95
Marco,Zauli,ITA,Category:Marco Zauli,Q46995289,http://ww2.legavolley.it/FotoAtleta.aspx?Field=FotoTessera&Key=ZAU-MAR-92
Ivan,Zaytsev,ITA,Category:Ivan Zaytsev (volleyball player),Q661579,http://ww2.legavolley.it/FotoAtleta.aspx?Field=FotoTessera&Key=ZAY-IVA-88
Aidan,Zingel,AUS,Category:Aidan Zingel,Q4696744,http://ww2.legavolley.it/FotoAtleta.aspx?Field=FotoTessera&Key=ZIN-AID-90
Paolo,Zonca,ITA,Category:Paolo Zonca,Q46995293,http://ww2.legavolley.it/FotoAtleta.aspx?Field=FotoTessera&Key=ZON-PAO-97
Francesco,Zoppellari,ITA,Category:Francesco Zoppellari,Q46995294,http://ww2.legavolley.it/FotoAtleta.aspx?Field=FotoTessera&Key=ZOP-FRA-97
